{
    "step": 3,
    "acc": 0.7827868852459017,
    "loss": 0.48123938187223964,
    "training_time": 88.97254705429077
}