{
    "step": 1,
    "acc": 0.8852459016393442,
    "loss": 0.2828440648488334,
    "training_time": 82.14253520965576
}