{
    "step": 6,
    "acc": 0.8647540983606558,
    "loss": 0.3197227034901009
}